NOMBRE DEPARTAMENTO;NOMBRE MUNICIPIO;PDET;NOMBRE CENTRO POBLADO;NOMBRE SEDE EDUCATIVA;FECHA INICIO DE OPERACIÓN;FIN DE OPERACIÓN INICIAL;ESTADO
SUCRE;SAN ONOFRE;SI;VEREDA BOCA DE LOS DIAZ;CENTRO EDUCATIVO BOCA DE LOS DIAZ;;;INSTALACIÓN
SUCRE;SAN ONOFRE;SI;VDA. LA LOMA;LA LOMA;;;EN PLANEACIÓN
SUCRE;SAN ONOFRE;SI;CASERÍO PISSISI;CENTRO EDUCATIVO PISSISI;2022 Jan 01 12:00:00 AM;2032 Jan 01 12:00:00 AM;OPERACIÓN
SUCRE;SAN ONOFRE;SI;CORREG LABARCE;CENTRO EDUCATIVO LABARCES;;;EN PLANEACIÓN
SUCRE;SAN ONOFRE;SI;CORREGIMIENTO AGUAS NEGRAS;I.E. AGUAS NEGRAS - SEDE PRINCIPAL;;;EN PLANEACIÓN
SUCRE;SAN ONOFRE;SI;VEREDA EL BONGO;CENTRO EDUCATIVO EL BONGO;;;INSTALACIÓN
SUCRE;SAN ONOFRE;SI;VEREDA LA UNION;LA UNION;2022 Jan 01 12:00:00 AM;2032 Jan 01 12:00:00 AM;OPERACIÓN
SUCRE;SAN ONOFRE;SI;VEREDA BOLITO;BOLITO;;;EN PLANEACIÓN
SUCRE;SAN ONOFRE;SI;VEREDA ARROYO SECO;CENTRO EDUCATIVO ARROYO SECO;;;INSTALACIÓN
SUCRE;SAN ONOFRE;SI;VEREDA ALTO DE JULIO;CENTRO EDUCATIVO ALTO DE JULIO;2022 Jan 01 12:00:00 AM;2032 Jan 01 12:00:00 AM;OPERACIÓN
SUCRE;SAN ONOFRE;SI;VEREDA LAS HUERTAS;CENTRO EDUCATIVO LAS HUERTAS;2022 Jan 01 12:00:00 AM;2032 Jan 01 12:00:00 AM;OPERACIÓN
SUCRE;SAN ONOFRE;SI;VEREDA VISTA HERMOSA;CENTRO EDUCATIVO NUEVA VISTA HERMOSA;;;INSTALACIÓN
SUCRE;SAN ONOFRE;SI;PALMIRA;C.E. PALMIRA - SEDE PRINCIPAL;;;INSTALACIÓN
SUCRE;SAN ONOFRE;SI;PAJONALITO;CENTRO EDUCATIVO PAJONALITO;;;INSTALACIÓN
SUCRE;SAN ONOFRE;SI;CORREGIMIENTO AGUACATE;CE AGUACATE  (Sede Principal);;;INSTALACIÓN
SUCRE;SAN ONOFRE;SI;CORREG LA LIBERTAD;INST EDUC LIBERTAD;;;EN PLANEACIÓN
SUCRE;SAN ONOFRE;SI;CORREG PLAN PAREJO;I.E.  PLAN PAREJO - SEDE PRINCIPAL;;;EN PLANEACIÓN
SUCRE;LOS PALMITOS;SI;VEREDA EL RECREO;EL RECREO;2021 Sep 25 12:00:00 AM;2031 Sep 25 12:00:00 AM;OPERACIÓN
SUCRE;LOS PALMITOS;SI;VDA PALMITO;C.E. PALMITO - SEDE PRINCIPAL;2021 Sep 25 12:00:00 AM;2031 Sep 25 12:00:00 AM;OPERACIÓN
SUCRE;LOS PALMITOS;SI;VEREDA DE SAN JAIME;SAN JAIME;2021 Sep 25 12:00:00 AM;2031 Sep 25 12:00:00 AM;OPERACIÓN
SUCRE;LOS PALMITOS;SI;VEREDA LOS MUÑECOS;LOS MUÑECOS;2021 Sep 25 12:00:00 AM;2031 Sep 25 12:00:00 AM;OPERACIÓN
SUCRE;LOS PALMITOS;SI;VDA. LA UNION;LA UNION;;;INSTALACIÓN
SUCRE;CHALÁN;SI;LA ESTRELLA;LA ESTRELLA;;;EN PLANEACIÓN
SUCRE;OVEJAS;SI;VEREDA LAS BABILLAS;CENTRO EDUCATIVO LAS BABILLAS;2021 Sep 25 12:00:00 AM;2031 Sep 25 12:00:00 AM;OPERACIÓN
SUCRE;TOLÚ VIEJO;SI;CASERIO LA SIRIA;CENTRO EDUCATIVO LA SIRIA;2022 Jan 01 12:00:00 AM;2032 Jan 01 12:00:00 AM;OPERACIÓN
SUCRE;TOLÚ VIEJO;SI;VEREDA SAN JOSE;CENTRO EDUCATIVO SAN JOSE;2022 Jan 01 12:00:00 AM;2032 Jan 01 12:00:00 AM;OPERACIÓN
SUCRE;TOLÚ VIEJO;SI;VEREDA LA FLORESTA;CENTRO EDUCATIVO LA FLORESTA;2021 Sep 25 12:00:00 AM;2031 Sep 25 12:00:00 AM;OPERACIÓN
SUCRE;OVEJAS;SI;VEREDA DAMASCO;CENTRO EDUCATIVO DAMASCO;2021 Sep 25 12:00:00 AM;2031 Sep 25 12:00:00 AM;OPERACIÓN
SUCRE;OVEJAS;SI;VEREDA VILLA COLOMBIA;CENTRO EDUCATIVO VILLA COLOMBIA;2021 Sep 25 12:00:00 AM;2031 Sep 25 12:00:00 AM;OPERACIÓN
SUCRE;TOLÚ VIEJO;SI;CORREG DE LAS PIEDRAS;I.E. TÉCNICO AGROPECUARIO DE LAS PIEDRAS - SEDE PRINCIPAL;;;INSTALACIÓN
SUCRE;SAN ONOFRE;SI;CORREGIMIENTO BOCA CERRADA;CENTRO EDUCATIVO BOCA CERRADA (Sede Principal);;;INSTALACIÓN
SUCRE;TOLÚ VIEJO;SI;CORREG LA PALMIRA;INSTITUCION EDUCATIVA PALMIRA;;;INSTALACIÓN
SUCRE;PALMITO;SI;CENTRO AZUL;CENTRO EDUCATIVO CENTRO AZUL;2021 Sep 25 12:00:00 AM;2031 Sep 25 12:00:00 AM;OPERACIÓN
SUCRE;COLOSÓ;SI;BAJO DON JUAN;C.E. BAJO DON JUAN - SEDE PRINCIPAL;;;INSTALACIÓN
SUCRE;MORROA;SI;CASERIO LA VICTORIA;CENTRO EDUCATIVO LA VICTORIA;2021 Sep 25 12:00:00 AM;2031 Sep 25 12:00:00 AM;OPERACIÓN
SUCRE;COLOSÓ;SI;VDA. DE MARATHON;MARATHÓN;2021 Sep 25 12:00:00 AM;2031 Sep 25 12:00:00 AM;OPERACIÓN
SUCRE;COLOSÓ;SI;PARAISO;PARAISO NO 1;;;INSTALACIÓN
SUCRE;COLOSÓ;SI;VDA. CALLE LARGA;CALLE LARGA;2021 Sep 25 12:00:00 AM;2031 Sep 25 12:00:00 AM;OPERACIÓN
SUCRE;COLOSÓ;SI;VDA. LA ESMERALDA;C.E. LA ESMERALDA - SEDE PRINCIPAL;2021 Sep 25 12:00:00 AM;2031 Sep 25 12:00:00 AM;OPERACIÓN
SUCRE;COLOSÓ;SI;VEREDA DESBARRANCADO ARRIBA;USUARIOS CAMPESINOS;;;INSTALACIÓN
SUCRE;COLOSÓ;SI;VEREDA PARAISO NO 2;PARAISO NO 2;;;EN PLANEACIÓN
SUCRE;CHALÁN;SI;ALEMANIA;POLICARPA SALAVARRIETA;;;INSTALACIÓN
SUCRE;CHALÁN;SI;MANZANAREZ;NUEVO MANZANARES;2021 Sep 25 12:00:00 AM;2031 Sep 25 12:00:00 AM;OPERACIÓN
SUCRE;CHALÁN;SI;VEREDA EL CIELO;C.E. EL CIELO - SEDE PRINCIPAL;2021 Sep 25 12:00:00 AM;2031 Sep 25 12:00:00 AM;OPERACIÓN
SUCRE;LOS PALMITOS;SI;VDA. EL DELIRIO;EL DELIRIO;;;EN PLANEACIÓN
SUCRE;LOS PALMITOS;SI;VDA. NARANJAL;EL NARANJAL;;;INSTALACIÓN
SUCRE;LOS PALMITOS;SI;CORREGIMIENTO EL PIÑAL;IET AGRO EL PIÑAL  (Sede Pricinpal);;;INSTALACIÓN
SUCRE;LOS PALMITOS;SI;CORREG SABANAS DE PEDRO;I.E. SABANAS DE PEDRO - SEDE PRINCIPAL;;;INSTALACIÓN
SUCRE;CHALÁN;SI;LA CEIBA;SAN RAFAEL;2022 Jan 01 12:00:00 AM;2032 Jan 01 12:00:00 AM;OPERACIÓN
SUCRE;MORROA;SI;CORREGIMIENTO LAS FLORES;CENTRO EDUCATIVO LAS FLORES (Sede Principal);;;INSTALACIÓN
SUCRE;MORROA;SI;TUMBATORO;C.E. TUMBA TORO;2021 Sep 25 12:00:00 AM;2031 Sep 25 12:00:00 AM;OPERACIÓN
SUCRE;MORROA;SI;SABANAS DE CALI;CENTRO EDUCATIVO SABANAS DE CALI;2021 Sep 25 12:00:00 AM;2031 Sep 25 12:00:00 AM;OPERACIÓN
SUCRE;MORROA;SI;CORREG EL RINCON;CENTRO EDUCATIVO EL RINCON;;;INSTALACIÓN
SUCRE;MORROA;SI;EL TOLIMA;CENTRO EDUCATIVO EL TOLIMA;2021 Sep 25 12:00:00 AM;2031 Sep 25 12:00:00 AM;OPERACIÓN
SUCRE;MORROA;SI;DE BREMEN;CENTRO EDUCATIVO BREMEN;2021 Sep 25 12:00:00 AM;2031 Sep 25 12:00:00 AM;OPERACIÓN
SUCRE;MORROA;SI;EL RECREO;CENTRO EDUCATIVO EL RECREO;2021 Sep 25 12:00:00 AM;2031 Sep 25 12:00:00 AM;OPERACIÓN
SUCRE;MORROA;SI;PICHILIN;PICHILIN;2021 Sep 25 12:00:00 AM;2031 Sep 25 12:00:00 AM;OPERACIÓN
SUCRE;OVEJAS;SI;VEREDA LAS PAJAS;JOSE CARDENAS;;;INSTALACIÓN
SUCRE;OVEJAS;SI;CANUTALITO;INSTITUCION EDUCATIVA CANUTALITO;;;INSTALACIÓN
SUCRE;OVEJAS;SI;LA PEÑA;I.E. LA PEÑA - SEDE PRINCIPAL;2021 Sep 25 12:00:00 AM;2031 Sep 25 12:00:00 AM;OPERACIÓN
SUCRE;OVEJAS;SI;SALITRAL;SALITRAL;;;EN PLANEACIÓN
SUCRE;OVEJAS;SI;PIJIGUAY;CENTRO EDUCATIVO PIJAGUAY;2021 Sep 25 12:00:00 AM;2031 Sep 25 12:00:00 AM;OPERACIÓN
SUCRE;OVEJAS;SI;VEREDA EL ZAPATO;CENTRO EDUCATIVO EL ZAPATO;2021 Sep 25 12:00:00 AM;2031 Sep 25 12:00:00 AM;OPERACIÓN
SUCRE;OVEJAS;SI;VEREDA ALEMANIA;SEGUNDO SALAZAR;2021 Sep 25 12:00:00 AM;2031 Sep 25 12:00:00 AM;OPERACIÓN
SUCRE;OVEJAS;SI;CORREGIMIENTO DE CHENGUE;CHENGUE;;;INSTALACIÓN
SUCRE;OVEJAS;SI;CORREGIMIENTO SAN RAFAEL PARTE ALTA;INST EDUC SAN RAFAEL  (Sede Principal);;;EN PLANEACIÓN
SUCRE;OVEJAS;SI;VEREDA EL CHARCON;EL FLORAL;;;INSTALACIÓN
SUCRE;OVEJAS;SI;DE ALMAGRA;I.E. SAN JOSE DE ALMAGRA - SEDE PRINCIPAL;;;INSTALACIÓN
SUCRE;OVEJAS;SI;SAN RAFAEL;SEDE MULA SAN RAFAEL;2022 Jan 01 12:00:00 AM;2032 Jan 01 12:00:00 AM;OPERACIÓN
SUCRE;OVEJAS;SI;CANUTAL;INST EDUC CANUTAL;;;EN PLANEACIÓN
SUCRE;OVEJAS;SI;VEREDA LOMA DEL BANCO;CENTRO EDUCATIVO LOMA DEL BANCO;2021 Sep 25 12:00:00 AM;2031 Sep 25 12:00:00 AM;OPERACIÓN
SUCRE;OVEJAS;SI;VEREDA EL PALMAR;CENTRO EDUCATIVO EL PALMAR;2021 Sep 25 12:00:00 AM;2031 Sep 25 12:00:00 AM;OPERACIÓN
SUCRE;OVEJAS;SI;VEREDA OSOS;OSSOS;2021 Sep 25 12:00:00 AM;2031 Sep 25 12:00:00 AM;OPERACIÓN
SUCRE;OVEJAS;SI;VEREDA BUENOS AIRES;BUENOS AIRES;2021 Sep 25 12:00:00 AM;2031 Sep 25 12:00:00 AM;OPERACIÓN
SUCRE;OVEJAS;SI;VEREDA SAN FRANCISCO;CENTRO EDUCATIVO SAN FRANCISCO;2021 Sep 25 12:00:00 AM;2031 Sep 25 12:00:00 AM;OPERACIÓN
SUCRE;OVEJAS;SI;FLOR DEL MONTE;I.E.T.A. FLOR DEL MONTE - SEDE PRINCIPAL;;;EN PLANEACIÓN
SUCRE;OVEJAS;SI;VEREDA LOS ANDES;CENTRO EDUCATIVO LOS ANDES;;;INSTALACIÓN
SUCRE;OVEJAS;SI;DON GABRIEL;I.E.T.A. DON GABRIEL;;;EN PLANEACIÓN
SUCRE;OVEJAS;SI;VDA. LAS MERCEDES;LAS MERCEDES;;;INSTALACIÓN
SUCRE;PALMITO;SI;GUAIMI;I.E. INDÍGENA GUAIMÍ - SEDE PRINCIPAL;2022 Jan 01 12:00:00 AM;2032 Jan 01 12:00:00 AM;OPERACIÓN
SUCRE;PALMITO;SI;PUEBLECITO;CENTRO EDUCATIVO PUEBLO NUEVO;2021 Sep 25 12:00:00 AM;2031 Sep 25 12:00:00 AM;OPERACIÓN
SUCRE;PALMITO;SI;VEREDA CRUZ DEL RAMAL;CENTRO EDUCATIVO CRUZ DEL RAMAL;2022 Jan 01 12:00:00 AM;2032 Jan 01 12:00:00 AM;OPERACIÓN
SUCRE;PALMITO;SI;LOS CASTILLOS;CENTRO EDUCATIVO LOS CASTILLOS;2021 Sep 25 12:00:00 AM;2031 Sep 25 12:00:00 AM;OPERACIÓN
SUCRE;PALMITO;SI;VDA MARÍN;CENTRO EDUCATIVO MARIN;;;EN PLANEACIÓN
SUCRE;PALMITO;SI;CORREGIMIENTO SAN MARTIN DE LOBA;INSTITUCION EDUCATIVA INDÍGENA SAN MARTIN DE LOBA - SEDE PRINCIPAL;;;EN PLANEACIÓN
SUCRE;TOLÚ VIEJO;SI;CORREGIMIENTO LA PICHE;CENTRO EDUCATIVO LA PICHE (Sede Principal);2022 Jan 01 12:00:00 AM;2032 Jan 01 12:00:00 AM;OPERACIÓN
SUCRE;TOLÚ VIEJO;SI;CORREG GUALON;CENTRO EDUCATIVO GUALON;2021 Sep 25 12:00:00 AM;2031 Sep 25 12:00:00 AM;OPERACIÓN
SUCRE;TOLÚ VIEJO;SI;VEREDA MOQUEN;CENTRO EDUCATIVO MOQUEN;2022 Jan 01 12:00:00 AM;2032 Jan 01 12:00:00 AM;OPERACIÓN
SUCRE;TOLÚ VIEJO;SI;CORREG MACAJAN;I.E. MACAJAN - SEDE PRICIPAL;;;INSTALACIÓN
SUCRE;TOLÚ VIEJO;SI;VEREDA CIENAGUITA;CENTRO EDUCATIVO CIENAGUITA;;;INSTALACIÓN
SUCRE;TOLÚ VIEJO;SI;CORREG EL CAÑITO;CENTRO EDUCATIVO EL CAÑITO;;;INSTALACIÓN
SUCRE;TOLÚ VIEJO;SI;VEREDA LOS ALTOS;CENTRO EDUCATIVO LOS ALTOS;2022 Jan 01 12:00:00 AM;2032 Jan 01 12:00:00 AM;OPERACIÓN
SUCRE;TOLÚ VIEJO;SI;VEREDA NUEVO ORIENTE;CENTRO EDUCATIVO NUEVO ORIENTE;;;INSTALACIÓN
SUCRE;TOLÚ VIEJO;SI;VDA MANICA;CENTRO EDUCATIVO MANICA;2021 Sep 25 12:00:00 AM;2031 Sep 25 12:00:00 AM;OPERACIÓN
SUCRE;TOLÚ VIEJO;SI;VEREDA EL FLORAL;CENTRO EDUCATIVO EL FLORAL;2021 Sep 25 12:00:00 AM;2031 Sep 25 12:00:00 AM;OPERACIÓN
SUCRE;TOLÚ VIEJO;SI;VDA LA ESPERANZA;CENTRO EDUCATIVO LA ESPERANZA;2022 Jan 01 12:00:00 AM;2032 Jan 01 12:00:00 AM;OPERACIÓN
SUCRE;PALMITO;SI;EL PALMAR BRILLANTE;CENTRO EDUCATIVO EL PALMAR;2021 Sep 25 12:00:00 AM;2031 Sep 25 12:00:00 AM;OPERACIÓN
SUCRE;PALMITO;SI;ALGODONCILLO;C.E. INDÍGENA ALGODONCILLO - SEDE PRINCIPAL;;;INSTALACIÓN
SUCRE;PALMITO;SI;GUAIMARAL;CENTRO EDUCATIVO GUAIMARAL;2021 Sep 25 12:00:00 AM;2031 Sep 25 12:00:00 AM;OPERACIÓN
SUCRE;PALMITO;SI;EL MARTILLO;I.E. INDÍGENA EL MARTILLO - SEDE PRINCIPAL;;;INSTALACIÓN
SUCRE;PALMITO;SI;CHUMPUNDUN;C.E. INDÍGENA CHUPUNDUN - SEDE PRINCIPAL;;;EN PLANEACIÓN
SUCRE;PALMITO;SI;SAN MIGUEL;CENTRO EDUCATIVO SAN MIGUEL;2022 Jan 01 12:00:00 AM;2032 Jan 01 12:00:00 AM;OPERACIÓN
SUCRE;TOLÚ VIEJO;SI;CORREG CARACOL;I.E. TÉCNICO AGROPECUARIO CARLOS ARTURO VERBEL VERGARA - SEDE PRINCIPAL;;;EN PLANEACIÓN
SUCRE;TOLÚ VIEJO;SI;CORREG VARSOVIA;I.E. LA INMACULADA CONCEPCION - SEDE PRINCIPAL;;;INSTALACIÓN
SUCRE;PALMITO;SI;CAMINO A PALMITO;CENTRO EDUCATIVO ARROYO ARENA;;;EN PLANEACIÓN
SUCRE;SAN ONOFRE;SI;CORREG DE EL RINCON;I.E. EL RINCON - SEDE PRINCIPAL;2022 Jan 01 12:00:00 AM;2032 Jan 01 12:00:00 AM;OPERACIÓN
SUCRE;PALMITO;SI;COMUNID INDIG LA GRANJA;CENTRO EDUCATIVO LA GRANJA;2021 Sep 25 12:00:00 AM;2031 Sep 25 12:00:00 AM;OPERACIÓN
SUCRE;PALMITO;SI;COMUNID INDIG EL BARZAL;CENTRO EDUCATIVO EL BARZAL;;;EN PLANEACIÓN
SUCRE;LOS PALMITOS;SI;CORREG SABANAS DE BELTRAN;I.E. MANUELA BELTRAN - SEDE PRINCIPAL;2021 Sep 25 12:00:00 AM;2031 Sep 25 12:00:00 AM;OPERACIÓN
SUCRE;LOS PALMITOS;SI;EL COLEY;EL COLEY;2021 Sep 25 12:00:00 AM;2031 Sep 25 12:00:00 AM;OPERACIÓN
SUCRE;LOS PALMITOS;SI;CORREGIMIENTO PALMAS DE VINO;I.E. PALMAS DE VINO - SEDE PRINCIPAL;;;EN PLANEACIÓN
SUCRE;LOS PALMITOS;SI;VEREDA HATILLO;C.E. HATILLO - SEDE PRINCIPAL;2021 Sep 25 12:00:00 AM;2031 Sep 25 12:00:00 AM;OPERACIÓN
SUCRE;COLOSÓ;SI;CHINULITO;CHINULITO;2021 Sep 25 12:00:00 AM;2031 Sep 25 12:00:00 AM;OPERACIÓN
SUCRE;LOS PALMITOS;SI;VEREDA DE CHARCON;EL CHARCON;2021 Sep 25 12:00:00 AM;2031 Sep 25 12:00:00 AM;OPERACIÓN
SUCRE;LOS PALMITOS;SI;VDA. LA ALDEA;LA ALDEA;;;INSTALACIÓN
SUCRE;SAN ONOFRE;SI;CORREG PALACIO;CENTRO EDUCATIVO PALACIO;;;EN PLANEACIÓN
SUCRE;SAN ONOFRE;SI;CORREG SAN ANTONIO;INST EDUC SAN ANTONIO;;;EN PLANEACIÓN
SUCRE;SAN ONOFRE;SI;SABANETICA (LIBERTAD);CENTRO EDUCATIVO SABANETICA;2022 Jan 01 12:00:00 AM;2032 Jan 01 12:00:00 AM;OPERACIÓN
SUCRE;SAN ONOFRE;SI;RINCON DEL MAR;RINCON DEL MAR;2022 Jan 01 12:00:00 AM;2032 Jan 01 12:00:00 AM;OPERACIÓN
SUCRE;SAN ONOFRE;SI;VEREDA EL PUEBLITO;CENTRO EDUCATIVO EL PUEBLITO;;;INSTALACIÓN
SUCRE;SAN ONOFRE;SI;VDA PAJONAL;CENTRO EDUCATIVO SI TE GUSTA NO I;;;INSTALACIÓN
SUCRE;SAN ONOFRE;SI;CORREGIMIENTO EL CHICHO;CENTRO EDUCATIVO EL CHICHO;;;INSTALACIÓN
SUCRE;OVEJAS;SI;VDA LA EUROPA;SAN SEBASTIAN DE BELALCAZAR;;;INSTALACIÓN
SUCRE;MORROA;SI;VDA. EL COCO;EL COCO;;;INSTALACIÓN
SUCRE;SAN ONOFRE;SI;CORREGIMIENTO BERLIN;CENTRO EDUCATIVO BERLIN;;;EN PLANEACIÓN
SUCRE;SAN ONOFRE;SI;CORREG SABANAS;INST EDUC RAFAEL NUÑEZ;;;INSTALACIÓN
SUCRE;SAN ONOFRE;SI;CLL CHUPA PALO ALTO;PRIMARIA DE PALO ALTO;;;INSTALACIÓN
SUCRE;SAN ONOFRE;SI;CORREG BERRUGA;INST EDUC SABAS EDMUNDO BALSEIRO BLANCO;;;INSTALACIÓN
SUCRE;SAN ONOFRE;SI;VEREDA PAJONAL;INST EDUC PAJONAL;;;INSTALACIÓN
SUCRE;SAN ONOFRE;SI;VEREDA HIGUERON;I.E. HIGUERON - SEDE PRINCIPAL;;;EN PLANEACIÓN
SUCRE;SAN ONOFRE;SI;CORREGIMIENTO BARRANCA;CENTRO EDUCATIVO BARRANCA (Sede Principal);2022 Jan 01 12:00:00 AM;2032 Jan 01 12:00:00 AM;OPERACIÓN
SUCRE;SAN ONOFRE;SI;LAS BRISAS;CENTRO EDUCATIVO LAS BRISAS;;;EN PLANEACIÓN
SUCRE;SAN ONOFRE;SI;EL CERRO;CENTRO EDUCATIVO EL CERRO;;;INSTALACIÓN
SUCRE;CHALÁN;SI;DESBARRANCADO;LOS COMUNEROS;;;EN PLANEACIÓN
SUCRE;SAN ONOFRE;SI;VDA EL PEÑON;CENTRO EDUCATIVO EL PEÑON;;;INSTALACIÓN
SUCRE;COLOSÓ;SI;CORREG CEIBA;CEIBA;2022 Jan 01 12:00:00 AM;2032 Jan 01 12:00:00 AM;OPERACIÓN
SUCRE;MAJAGUAL;NO;CORREG LEON BLANCO;LEON BLANCO;2022 Jan 01 12:00:00 AM;2032 Jan 01 12:00:00 AM;OPERACIÓN
SUCRE;MAJAGUAL;NO;VEREDA EL JOBO;CENTRO EDUCATIVO EL JOBO;;;EN PLANEACIÓN
SUCRE;MAJAGUAL;NO;VDA EL PARAISO;CENTRO EDUCATIVO PARAISO;;;INSTALACIÓN
SUCRE;MAJAGUAL;NO;CORREG TOMALA;I.E.T. AGRO DE TOMALA - SEDE PRINCIPAL;;;EN PLANEACIÓN
SUCRE;MAJAGUAL;NO;BOCA DE LAS MUJERES;CENTRO EDUCATIVO BOCA DE LAS MUJERES;;;INSTALACIÓN
SUCRE;MAJAGUAL;NO;CORREGIMIENTO DE TRES BOCAS;CENTRO EDUCATIVO LA ESPERANZA - TRES BOCAS;;;INSTALACIÓN
SUCRE;MAJAGUAL;NO;VEREDA EL COROZAL;INSTITUCION EDUCATIVA EL COROZAL;;;INSTALACIÓN
SUCRE;MAJAGUAL;NO;VEREDA DE LANA;LANA;;;INSTALACIÓN
SUCRE;MAJAGUAL;NO;VDA EL CANAL;CENTRO EDUCATIVO EL CANAL;;;INSTALACIÓN
SUCRE;MAJAGUAL;NO;LAS PALMITAS;I.E. LAS PALMITAS - SEDE PRINCIPAL;2022 Jan 01 12:00:00 AM;2032 Jan 01 12:00:00 AM;OPERACIÓN
SUCRE;MAJAGUAL;NO;VDA. LA UNION;LA UNION;;;EN PLANEACIÓN
SUCRE;MAJAGUAL;NO;PUERTO EL ALJIBE;CENTRO EDUCATIVO EL ALJIBE;;;INSTALACIÓN
SUCRE;MAJAGUAL;NO;ZAPATA;I.E. ZAPATA - SEDE PRINCIPAL;;;EN PLANEACIÓN
SUCRE;MAJAGUAL;NO;EL PALOMAR;INST EDUC EL PALOMAR;;;INSTALACIÓN
SUCRE;MAJAGUAL;NO;EL NUEVO INDIO;EL INDIO;;;INSTALACIÓN
SUCRE;SAMPUÉS;NO;VILLANUEVA;CENTRO EDUCATIVO INDIGENA VILLANUEVA;;;INSTALACIÓN
SUCRE;SAMPUÉS;NO;MATA DE CAÑA;CENTRO EDUCATIVO INDIGENA MATA DE CAÑA;2021 Sep 25 12:00:00 AM;2031 Sep 25 12:00:00 AM;OPERACIÓN
SUCRE;SAMPUÉS;NO;CORREG SABANAS LA NEGRA;INS EDU INDIGENA SABANAS DE LA NEGRA;;;INSTALACIÓN
SUCRE;SAMPUÉS;NO;SEGOVIA;I.E. SEGOVIA - SEDE PRINCIPAL;2022 Jan 01 12:00:00 AM;2032 Jan 01 12:00:00 AM;OPERACIÓN
SUCRE;SAMPUÉS;NO;SAN LUIS;INST EDUC SAN LUIS BELTRAN;;;INSTALACIÓN
SUCRE;SAMPUÉS;NO;SABANALARGA;CENTRO EDUCATIVO SABANALARGA;;;EN PLANEACIÓN
SUCRE;SAMPUÉS;NO;PIEDRAS BLANCAS;CENTRO EDUCATIVO PIEDRAS BLANCAS;2021 Sep 25 12:00:00 AM;2031 Sep 25 12:00:00 AM;OPERACIÓN
SUCRE;SAMPUÉS;NO;VEREDA SAN JOSE;CENTRO EDUCATIVO ANTONIO NARINO;2022 Jan 01 12:00:00 AM;2032 Jan 01 12:00:00 AM;OPERACIÓN
SUCRE;SAMPUÉS;NO;CEJA DEL MANGO;CENTRO EDUCATIVO CEJA DEL MANGO;2022 Jan 01 12:00:00 AM;2032 Jan 01 12:00:00 AM;OPERACIÓN
SUCRE;SAMPUÉS;NO;VDA. EL PAKI;I.E. INDIGENA SAN FRANCISCO EL PAKY - SEDE PRINCIPAL;;;INSTALACIÓN
SUCRE;SAMPUÉS;NO;CORREG HUERTAS CHICAS;CENTRO EDUCATIVO INDIGENA SAN JOSE DE HUERTAS CHICAS;2022 Jan 01 12:00:00 AM;2032 Jan 01 12:00:00 AM;OPERACIÓN
SUCRE;SAMPUÉS;NO;BOSSA NAVARRO;INSTITUCION EDUCATIVA INDIGENA BOSSA NAVARRO;2021 Sep 25 12:00:00 AM;2031 Sep 25 12:00:00 AM;OPERACIÓN
SUCRE;SAMPUÉS;NO;MATEO PEREZ;INST EDUC MATEO PEREZ;2022 Jan 01 12:00:00 AM;2032 Jan 01 12:00:00 AM;OPERACIÓN
SUCRE;SAMPUÉS;NO;VEREDA GUAIMARO;CENTRO EDUCATIVO INDIGENA EL GUAIMARO;2022 Jan 01 12:00:00 AM;2032 Jan 01 12:00:00 AM;OPERACIÓN
SUCRE;SAMPUÉS;NO;SANTA INES DE PALITO;CENTRO EDUCATIVO SANTA INES DE PALITO;;;INSTALACIÓN
SUCRE;SAMPUÉS;NO;CORREG ACHIOTE;CENTRO EDUCATIVO INDIGENA ACHIOTE;;;INSTALACIÓN
SUCRE;SAMPUÉS;NO;CORREG SILOE;CENTRO EDUCATIVO INDIGENA SILOÉ;;;INSTALACIÓN
SUCRE;SAMPUÉS;NO;COMUNIDAD INDIGENA HUERTAS CHICAS;CENTRO EDUCATIVO INDIGENA SAGRADO CORAZON DE JESUS;2022 Jan 01 12:00:00 AM;2032 Jan 01 12:00:00 AM;OPERACIÓN
SUCRE;SAMPUÉS;NO;ESCOBAR ARRIBA;SEDE EL RETIRO;2022 Jan 01 12:00:00 AM;2032 Jan 01 12:00:00 AM;OPERACIÓN
SUCRE;SAMPUÉS;NO;VDA LOMA DE PIEDRA;C.E. INDÍGENA LOMA DE PIEDRA - SEDE PRINCIPAL;2022 Jan 01 12:00:00 AM;2032 Jan 01 12:00:00 AM;OPERACIÓN
SUCRE;SAMPUÉS;NO;CORREG ESCOBAR ABAJO;CENTRO EDUCATIVO LA ESPERANZA;2022 Jan 01 12:00:00 AM;2032 Jan 01 12:00:00 AM;OPERACIÓN
SUCRE;SAMPUÉS;NO;VEREDA CALLE LARGA;CENTRO EDUCATIVO INDIGENA CALLE LARGA;;;INSTALACIÓN
SUCRE;SAMPUÉS;NO;COMUNIDAD INDIGENA COSTA DE ORO;SEDE COSTA DE ORO;;;INSTALACIÓN
SUCRE;SAN BENITO ABAD;NO;LA CEIBA;LA CEIBA;2021 Sep 25 12:00:00 AM;2031 Sep 25 12:00:00 AM;OPERACIÓN
SUCRE;SAN BENITO ABAD;NO;CORREG SAN ISIDRO;CENTRO EDUCATIVO SAN ISIDRO;;;INSTALACIÓN
SUCRE;SAN BENITO ABAD;NO;CORREGIMIENTO LOS ANGELES;CENTRO EDUCATIVO LOS ANGELES;2021 Sep 25 12:00:00 AM;2031 Sep 25 12:00:00 AM;OPERACIÓN
SUCRE;SAN BENITO ABAD;NO;EL CHUPO;EL CHUPO;;;EN PLANEACIÓN
SUCRE;SAN BENITO ABAD;NO;LAS PARCELAS SANTA FE;LAS PARCELAS SANTA FE;;;EN PLANEACIÓN
SUCRE;SAN BENITO ABAD;NO;CORREG SAN ROQUE;CENTRO EDUCATIVO SAN ROQUE;;;EN PLANEACIÓN
SUCRE;SAN BENITO ABAD;NO;CORREG LA VENTURA;INST EDUC LA VENTURA;;;INSTALACIÓN
SUCRE;EL ROBLE;NO;PALMITAL;CENTRO EDUCATIVO PALMITAL;2022 Jan 01 12:00:00 AM;2032 Jan 01 12:00:00 AM;OPERACIÓN
SUCRE;EL ROBLE;NO;CORREG PATILLAL;CENTRO EDUCATIVO PATILLAL;2022 Jan 01 12:00:00 AM;2032 Jan 01 12:00:00 AM;OPERACIÓN
SUCRE;EL ROBLE;NO;CORREG TIERRA SANTA;CENTRO EDUCATIVO TIERRA SANTA;;;EN PLANEACIÓN
SUCRE;EL ROBLE;NO;LAS TABLITAS;CENTRO EDUCATIVO LAS TABLITAS;;;EN PLANEACIÓN
SUCRE;SAN BENITO ABAD;NO;JEGUA;CENTRO EDUCATIVO JEGUA;2021 Sep 25 12:00:00 AM;2031 Sep 25 12:00:00 AM;OPERACIÓN
SUCRE;SAN BENITO ABAD;NO;EL LIMON;INSTITUCION EDUCATIVA EL LIMON;;;INSTALACIÓN
SUCRE;SAN BENITO ABAD;NO;DOÑA ANA;CENTRO EDUCATIVO SAN JOSE - DOÑA ANA;2022 Jan 01 12:00:00 AM;2032 Jan 01 12:00:00 AM;OPERACIÓN
SUCRE;SAN BENITO ABAD;NO;CISPATACA;I.E. CISPATACA - SEDE PRINCIPAL;2022 Jan 01 12:00:00 AM;2032 Jan 01 12:00:00 AM;OPERACIÓN
SUCRE;SAN BENITO ABAD;NO;LA MOLINA;LA MOLINA;;;INSTALACIÓN
SUCRE;SAN BENITO ABAD;NO;LA PLAZA;CENTRO EDUCATIVO LA PLAZA RABON;2022 Jan 01 12:00:00 AM;2032 Jan 01 12:00:00 AM;OPERACIÓN
SUCRE;SAN BENITO ABAD;NO;CUIVA;C.E. CUIVA - SEDE PRINCIPAL;;;EN PLANEACIÓN
SUCRE;SAN BENITO ABAD;NO;REMOLINO;EL REMOLINO;2022 Jan 01 12:00:00 AM;2032 Jan 01 12:00:00 AM;OPERACIÓN
SUCRE;GALERAS;NO;CORREG DE PUERTO FRANCO;INST EDUC PUERTO FRANCO;2022 Jan 01 12:00:00 AM;2032 Jan 01 12:00:00 AM;OPERACIÓN
SUCRE;SAN BENITO ABAD;NO;CORREG EL CAUCHAL;I.E. EL CAUCHAL - SEDE PRINCIPAL;;;EN PLANEACIÓN
SUCRE;SAN BENITO ABAD;NO;SANTIAGO APOSTOL;INST EDUC SANTIAGO APOSTOL;;;EN PLANEACIÓN
SUCRE;SAN BENITO ABAD;NO;VDA. TOSNOVAN;TOSNOVAN;;;EN PLANEACIÓN
SUCRE;SAN BENITO ABAD;NO;CORREG LAS DELICIAS ABAJO;C.E. LAS DELICIAS ABAJO - SEDE PRINCIPAL;;;EN PLANEACIÓN
SUCRE;EL ROBLE;NO;CALLEJON;I.E. CALLEJON - SEDE PRINCIPAL;;;EN PLANEACIÓN
SUCRE;EL ROBLE;NO;VEREDA GRILLO ALEGRE;GRILLO ALEGRE;2022 Jan 01 12:00:00 AM;2032 Jan 01 12:00:00 AM;OPERACIÓN
SUCRE;SAN BENITO ABAD;NO;CORREGIMIENTO VILLA NUEVA;VILLANUEVA;2022 Jan 01 12:00:00 AM;2032 Jan 01 12:00:00 AM;OPERACIÓN
SUCRE;SAN BENITO ABAD;NO;VDA. VENEZUELA;SAN RAFAEL DE VENEZUELA;;;EN PLANEACIÓN
SUCRE;SAN BENITO ABAD;NO;PUNTA NUEVA;NTRA SRA DEL CARMEN;2022 Jan 01 12:00:00 AM;2032 Jan 01 12:00:00 AM;OPERACIÓN
SUCRE;SAN BENITO ABAD;NO;RANCHO LA TIA;CENTRO EDUCATIVO RANCHO LA TIA;2021 Sep 25 12:00:00 AM;2031 Sep 25 12:00:00 AM;OPERACIÓN
SUCRE;SAN BENITO ABAD;NO;GUAYABAL;CENTRO EDUCATIVO GUAYABAL;2022 Jan 01 12:00:00 AM;2032 Jan 01 12:00:00 AM;OPERACIÓN
SUCRE;SAN BENITO ABAD;NO;PUNTA DE BLANCO;I.E.T.A. OPCION PESCA - SEDE PRINCIPAL;2022 Jan 01 12:00:00 AM;2032 Jan 01 12:00:00 AM;OPERACIÓN
SUCRE;SAN JUAN DE BETULIA;NO;LOMA ALTA;CENTRO EDUCATIVO LOMA ALTA;2022 Jan 01 12:00:00 AM;2032 Jan 01 12:00:00 AM;OPERACIÓN
SUCRE;SAN JUAN DE BETULIA;NO;LAS CRUCES;LAS CRUCES;2021 Sep 25 12:00:00 AM;2031 Sep 25 12:00:00 AM;OPERACIÓN
SUCRE;SAN JUAN DE BETULIA;NO;VILLA LOPEZ;VILLA LOPEZ;2022 Jan 01 12:00:00 AM;2032 Jan 01 12:00:00 AM;OPERACIÓN
SUCRE;SAN JUAN DE BETULIA;NO;HATO VIEJO;CENTRO EDUCATIVO HATO VIEJO;2021 Sep 25 12:00:00 AM;2031 Sep 25 12:00:00 AM;OPERACIÓN
SUCRE;SAN JUAN DE BETULIA;NO;EL SOCORRO;EL SOCORRO;2022 Jan 01 12:00:00 AM;2032 Jan 01 12:00:00 AM;OPERACIÓN
SUCRE;SAN JUAN DE BETULIA;NO;SABANETA;I.E. SABANETA - SEDE PRINCIPAL;2022 Jan 01 12:00:00 AM;2032 Jan 01 12:00:00 AM;OPERACIÓN
SUCRE;SAN JUAN DE BETULIA;NO;VEREDA GARRAPATERO;CENTRO EDUCATIVO GARRAPATERO;2021 Sep 25 12:00:00 AM;2031 Sep 25 12:00:00 AM;OPERACIÓN
SUCRE;SAN JUAN DE BETULIA;NO;ALBANIA;INST EDUC TEC AGRO DE ALBANIA;2021 Sep 25 12:00:00 AM;2031 Sep 25 12:00:00 AM;OPERACIÓN
SUCRE;SAN JUAN DE BETULIA;NO;VEREDA EL PARAMO;CENTRO EDUCATIVO EL PARAMO;;;EN PLANEACIÓN
SUCRE;SAN JUAN DE BETULIA;NO;SANTO TOMAS;SANTO TOMAS;2022 Jan 01 12:00:00 AM;2032 Jan 01 12:00:00 AM;OPERACIÓN
SUCRE;SAN MARCOS;NO;EL TABLON;CENTRO EDUCATIVO EL TABLON;2021 Sep 25 12:00:00 AM;2031 Sep 25 12:00:00 AM;OPERACIÓN
SUCRE;SAN MARCOS;NO;CANDELARIA;I.E. CANDELARIA - SEDE PRINCIPAL;;;INSTALACIÓN
SUCRE;SAN MARCOS;NO;CAÑO PRIETO;INSTITUCION EDUCATIVA CAÑO PRIETO;2022 Jan 01 12:00:00 AM;2032 Jan 01 12:00:00 AM;OPERACIÓN
SUCRE;SAN MARCOS;NO;VDA CUCHARITO;CENTRO EDUCATIVO CUCHARITO;;;INSTALACIÓN
SUCRE;SAN MARCOS;NO;LA COSTERA;LA COSTERA;;;INSTALACIÓN
SUCRE;SAN MARCOS;NO;EL LLANO;CENTRO EDUCATIVO EL LLANO;2022 Jan 01 12:00:00 AM;2032 Jan 01 12:00:00 AM;OPERACIÓN
SUCRE;SAN MARCOS;NO;VDA. EL TORNO;CENTRO EDUCATIVO EL TORNO - SEDE PRINCIPAL;;;EN PLANEACIÓN
SUCRE;SAN MARCOS;NO;VDA SAN FELIPE;SEDE SAN FELIPE;;;EN PLANEACIÓN
SUCRE;SAN MARCOS;NO;CAYO DE LA CRUZ;CENTRO EDUCATIVO CAYO DE LA CRUZ;2022 Jan 01 12:00:00 AM;2032 Jan 01 12:00:00 AM;OPERACIÓN
SUCRE;SAN MARCOS;NO;NEIVA;CENTRO EDUCATIVO NEIVA;2022 Jan 01 12:00:00 AM;2032 Jan 01 12:00:00 AM;OPERACIÓN
SUCRE;SAN MARCOS;NO;EL OASIS;SEDE LA NUEVA METRA;2022 Jan 01 12:00:00 AM;2032 Jan 01 12:00:00 AM;OPERACIÓN
SUCRE;SAN MARCOS;NO;VEREDA LA FLORIDA;CENTRO EDUCATIVO BOCA PUERTA;2022 Jan 01 12:00:00 AM;2032 Jan 01 12:00:00 AM;OPERACIÓN
SUCRE;SAN MARCOS;NO;VDA. PARCELAS DE LA GLORIA;SAN JOSÉ;;;EN PLANEACIÓN
SUCRE;SAN MARCOS;NO;CORREG PALO ALTO;INST EDUC PALO ALTO;;;EN PLANEACIÓN
SUCRE;SAN MARCOS;NO;BELEN;CENTRO EDUCATIVO BELEN;;;INSTALACIÓN
SUCRE;SAN MARCOS;NO;EL PITAL;C.E. EL PITAL - SEDE PRINCIPAL;2022 Jan 01 12:00:00 AM;2032 Jan 01 12:00:00 AM;OPERACIÓN
SUCRE;SAN MARCOS;NO;LA QUEBRADA;CENTRO EDUCATIVO LA QUEBRADA;;;INSTALACIÓN
SUCRE;SAN MARCOS;NO;SANTA INES;CENTRO EDUCATIVO SANTA INES;2022 Jan 01 12:00:00 AM;2032 Jan 01 12:00:00 AM;OPERACIÓN
SUCRE;SAN MARCOS;NO;LA CASTILLERA;CENTRO EDUCATIVO LA CASTILLERA;;;INSTALACIÓN
SUCRE;SAN MARCOS;NO;MONTEGRANDE;CENTRO EDUCATIVO MONTE GRANDE;2021 Sep 25 12:00:00 AM;2031 Sep 25 12:00:00 AM;OPERACIÓN
SUCRE;SAN MARCOS;NO;BUENOS AIRES;CENTRO EDUCATIVO BUENOS AIRES;2022 Jan 01 12:00:00 AM;2032 Jan 01 12:00:00 AM;OPERACIÓN
SUCRE;SAN MARCOS;NO;CUENCA;I.E. CUENCA - SEDE PRINCIPAL;;;INSTALACIÓN
SUCRE;SAN MARCOS;NO;LAS FLORES;INST EDUC TEC DIVERSIFICADO LAS FLORES;2022 Jan 01 12:00:00 AM;2032 Jan 01 12:00:00 AM;OPERACIÓN
SUCRE;SAN MARCOS;NO;VDA LA ISLA;SEDE LA ISLA;;;EN PLANEACIÓN
SUCRE;SAN PEDRO;NO;VEREDA SAN JOSE;CENTRO EDUCATIVO SAN JOSE;;;EN PLANEACIÓN
SUCRE;SAN PEDRO;NO;VEREDA EL CARMEN;CENTRO EDUCATIVO EL CARMEN;2021 Sep 25 12:00:00 AM;2031 Sep 25 12:00:00 AM;OPERACIÓN
SUCRE;SAN PEDRO;NO;MATEO;INST EDUC SAN MATEO;2021 Sep 25 12:00:00 AM;2031 Sep 25 12:00:00 AM;OPERACIÓN
SUCRE;SAN PEDRO;NO;VEREDA LOS CAMAJONES;CENTRO EDUCATIVO LOS CAMAJONES;;;INSTALACIÓN
SUCRE;SAN PEDRO;NO;SAN FRANCISCO;SAN FRANCISCO;2022 Jan 01 12:00:00 AM;2032 Jan 01 12:00:00 AM;OPERACIÓN
SUCRE;SAN PEDRO;NO;VEREDA SANTA TERESA;CENTRO EDUCATIVO SANTA TERESA;;;EN PLANEACIÓN
SUCRE;SAN PEDRO;NO;VEREDA RANCHO LARGO;CENTRO EDUCATIVO RANCHO LARGO;;;INSTALACIÓN
SUCRE;SAN PEDRO;NO;EL BAJO DE LA ALEGRIA;CENTRO EDUCATIVO SANTA ISABEL;;;INSTALACIÓN
SUCRE;SAN PEDRO;NO;CALABOZO;CALABOZO;2021 Sep 25 12:00:00 AM;2031 Sep 25 12:00:00 AM;OPERACIÓN
SUCRE;SAN PEDRO;NO;NUMANCIA;CENTRO EDUCATIVO NUMANCIA;2021 Sep 25 12:00:00 AM;2031 Sep 25 12:00:00 AM;OPERACIÓN
SUCRE;SAN LUIS DE SINCÉ;NO;PERENDENGUE;CENTRO EDUCATIVO MORALITO LOS MICOS;;;EN PLANEACIÓN
SUCRE;SAN LUIS DE SINCÉ;NO;COCOROTE;I.E. COCOROTE - SEDE PRINCIPAL;;;EN PLANEACIÓN
SUCRE;SAN LUIS DE SINCÉ;NO;VELEZ;CENTRO EDUCATIVO VELEZ;;;EN PLANEACIÓN
SUCRE;SAN LUIS DE SINCÉ;NO;BAZAN;I.E. BAZAN - SEDE PRINCIPAL;;;EN PLANEACIÓN
SUCRE;SAN LUIS DE SINCÉ;NO;VALENCIA;I.E. DE VALENCIA - SEDE PRINCIAPL;;;EN PLANEACIÓN
SUCRE;SAN LUIS DE SINCÉ;NO;GALAPAGO;CENTRO EDUCATIVO GALAPAGO;;;EN PLANEACIÓN
SUCRE;SAN LUIS DE SINCÉ;NO;LOS LIMONES;CENTRO EDUCATIVO LOS LIMONES;;;INSTALACIÓN
SUCRE;SAN LUIS DE SINCÉ;NO;LA VIVIENDA;CENTRO EDUCATIVO LA VIVIENDA;;;EN PLANEACIÓN
SUCRE;SAN LUIS DE SINCÉ;NO;VEREDA CARRETAL;CENTRO EDUCATIVO CARRETAL;;;INSTALACIÓN
SUCRE;SUCRE;NO;BUENOS AIRES;CENTRO EDUCATIVO BUENOS AIRES;;;EN PLANEACIÓN
SUCRE;SUCRE;NO;HUERTA GRANDE;CENTRO EDUCATIVO HUERTA GRANDE;;;INSTALACIÓN
SUCRE;SUCRE;NO;MACHETON;CENTRO EDUCATIVO MACHETON;;;INSTALACIÓN
SUCRE;SUCRE;NO;HATO NUEVO;HATO NUEVO ARRIBA;;;INSTALACIÓN
SUCRE;SUCRE;NO;ISLA GRANDE;INST EDUC ISLA GRANDE;;;INSTALACIÓN
SUCRE;SUCRE;NO;PAMPANILLA;CENTRO EDUCATIVO PAMPANILLA;;;EN PLANEACIÓN
SUCRE;SUCRE;NO;SAN MATEO;CENTRO EDUCATIVO SAN MATEO;;;EN PLANEACIÓN
SUCRE;SUCRE;NO;OREJERO;INSTITUCION EDUCATIVA SIMON BOLIVAR DE OREJERO;;;INSTALACIÓN
SUCRE;SUCRE;NO;CONCEPCION;CENTRO EDUCATIVO CONCEPCION;;;EN PLANEACIÓN
SUCRE;SUCRE;NO;CAMPO ALEGRE;CENTRO EDUCATIVO NUESTRA SEÑORA DEL CARMEN;;;INSTALACIÓN
SUCRE;SUCRE;NO;LA SOLERA;CENTRO EDUCATIVO LA SOLERA ARRIBA;;;INSTALACIÓN
SUCRE;SUCRE;NO;CUCHARAL;CENTRO EDUCATIVO CUCHARAL;;;INSTALACIÓN
SUCRE;SUCRE;NO;LA VENTURA;CENTRO EDUCATIVO LA VENTURA;;;EN PLANEACIÓN
SUCRE;SUCRE;NO;BUENAVISTA;CENTRO EDUCATIVO BUENAVISTA - SEDE PRINCIPAL;;;INSTALACIÓN
SUCRE;SUCRE;NO;NARANJAL;CENTRO EDUCATIVO NARANJAL;;;INSTALACIÓN
SUCRE;SUCRE;NO;MONTERIA;CENTRO EDUCATIVO MONTERIA;;;INSTALACIÓN
SUCRE;SUCRE;NO;ARBOLEDAS;CENTRO EDUCATIVO ARBOLEDA;;;EN PLANEACIÓN
SUCRE;SUCRE;NO;GUAMALITO;CENTRO EDUCATIVO DIVINO NIÑO;;;EN PLANEACIÓN
SUCRE;SUCRE;NO;CAMAJON;II.E. SIMON BOLIVAR - SEDE PRINCIPAL;;;INSTALACIÓN
SUCRE;SUCRE;NO;QUITASUEÑO;CENTRO EDUCATIVO QUITA SUENO;;;INSTALACIÓN
SUCRE;SUCRE;NO;EL CEDRO;CENTRO EDUCATIVO EL CEDRO;;;EN PLANEACIÓN
SUCRE;SUCRE;NO;EL GARZAL;CENTRO EDUCATIVO EL GARZAL;;;EN PLANEACIÓN
SUCRE;SUCRE;NO;CORREG LA GUARIPA;CENTRO EDUCATIVO EL PORVENIR;;;EN PLANEACIÓN
SUCRE;SUCRE;NO;EL SOCORRO;CENTRO EDUCATIVO NTRA SEÑORA DEL SOCORRO;;;INSTALACIÓN
SUCRE;SUCRE;NO;TRAVESIA;CENTRO EDUCATIVO FRANCISCO JOSE DE CALDAS;;;EN PLANEACIÓN
SUCRE;SUCRE;NO;CANTARRANA;CENTRO EDUCATIVO SAN ISIDRO CANTARRANA;;;EN PLANEACIÓN
SUCRE;SUCRE;NO;VDA PROVIDENCIA;CENTRO EDUCATIVO LA ESPERANZA;;;EN PLANEACIÓN
SUCRE;SUCRE;NO;MALAMBO;CENTRO EDUCATIVO MALAMBO;;;EN PLANEACIÓN
SUCRE;SUCRE;NO;VEREDA GALINDO;CENTRO EDUCATIVO GALINDO;;;EN PLANEACIÓN
SUCRE;SUCRE;NO;CORREG HATO NVO - ABAJO;C.E HATO NUEVO;;;EN PLANEACIÓN
SUCRE;SUCRE;NO;SAN LUIS;I.E. JORGE MENDOZA LLAMA - SEDE PRINCIPAL;;;EN PLANEACIÓN
SUCRE;SUCRE;NO;CORDOBA;INST EDUC JOSE MARIA CORDOBA;;;EN PLANEACIÓN
SUCRE;SUCRE;NO;CORREG CHAPARRAL;CENTRO EDUCATIVO SAN NICOLAS DE CHAPARRAL;;;EN PLANEACIÓN
SUCRE;SUCRE;NO;LA PALMA;I.E. TÉCNICO AGROPECUARIO MANUEL ALVAREZ SAMPAYO - SEDE PRINCIPAL;;;EN PLANEACIÓN
SUCRE;SUCRE;NO;VEREDA SANTA ELENA;CENTRO EDUCATIVO EL POVENIR NO 2;;;EN PLANEACIÓN
SUCRE;SUCRE;NO;SAN RAFAEL;CENTRO EDUCATIVO SAN RAFAEL;;;INSTALACIÓN
SUCRE;SANTIAGO DE TOLÚ;NO;PITA EN MEDIO;C.E. PITA EN MEDIO - SEDE PRINCIPAL;;;EN PLANEACIÓN
SUCRE;SANTIAGO DE TOLÚ;NO;PITA ABAJO;INST EDUC LAS PALMAS;;;EN PLANEACIÓN
SUCRE;SANTIAGO DE TOLÚ;NO;NUEVA ERA;CENTRO EDUCATIVO NUEVA ERA;;;EN PLANEACIÓN
SUCRE;SANTIAGO DE TOLÚ;NO;VEREDA STA LUCIA ARRIBA;SANTA LUCIA;;;EN PLANEACIÓN
SUCRE;MAJAGUAL;NO;CORREG EL NARANJO;INST EDUC EL NARANJO;;;INSTALACIÓN
SUCRE;COVEÑAS;NO;RESG INDIG EL TORRENTE;EL TORRENTE;;;INSTALACIÓN
SUCRE;COVEÑAS;NO;BELLAVISTA;C.E. BELLAVISTA - SEDE PRINCIPAL;2022 Jan 01 12:00:00 AM;2032 Jan 01 12:00:00 AM;OPERACIÓN
SUCRE;COVEÑAS;NO;PUNTA SECA;C.E. SANTA FE - SEDE PRINCIPAL;2022 Jan 01 12:00:00 AM;2032 Jan 01 12:00:00 AM;OPERACIÓN
SUCRE;COVEÑAS;NO;BOCA DE LA CIENAGA;BOCA DE LA CIENAGA;;;INSTALACIÓN
SUCRE;COVEÑAS;NO;ISLA DE GALLINAZO;C.E. ISLA DEL GALLINAZO - SEDE PRINCIPAL;;;INSTALACIÓN
SUCRE;SANTIAGO DE TOLÚ;NO;PUERTO VIEJO;CENTRO EDUCATIVO PUERTO VIEJO;;;INSTALACIÓN
SUCRE;SANTIAGO DE TOLÚ;NO;VEREDA EL FRANCES;CENTRO EDUCATIVO ALEGRIA;;;INSTALACIÓN
SUCRE;SANTIAGO DE TOLÚ;NO;VDA EL PALMAR;EL PALMAR;;;INSTALACIÓN
SUCRE;SUCRE;NO;PUEBLO NUEVO;I.E. PUEBLO NUEVO - SEDE PRINCIPAL;;;EN PLANEACIÓN
SUCRE;SUCRE;NO;BAJO PUREZA;CENTRO EDUCATIVO SAGRADO CORAZON DE JESUS;2022 Jan 01 12:00:00 AM;2032 Jan 01 12:00:00 AM;OPERACIÓN
SUCRE;SUCRE;NO;CACAGUAL;CENTRO EDUCATIVO CACAGUAL;;;INSTALACIÓN
SUCRE;COROZAL;NO;EL MAMON;I.E. EL MAMON - SEDE PRINCIPAL;;;EN PLANEACIÓN
SUCRE;SAN BENITO ABAD;NO;HONDURAS;CENTRO EDUCATIVO HONDURAS;2022 Jan 01 12:00:00 AM;2032 Jan 01 12:00:00 AM;OPERACIÓN
SUCRE;SUCRE;NO;LAS CRUCES;CENTRO EDUCATIVO LAS CRUCES;2022 Jan 01 12:00:00 AM;2032 Jan 01 12:00:00 AM;OPERACIÓN
SUCRE;COROZAL;NO;LAS LLANADAS;I.E TÉCNICO AGEROPECUARIA GUILLERMO PATRON - SEDE PRINCIPAL;;;INSTALACIÓN
SUCRE;SAN LUIS DE SINCÉ;NO;GRANADA;I.E. DE GRANADA - SEDE PRINCIPAL;;;INSTALACIÓN
SUCRE;MAJAGUAL;NO;VEREDA EL LIMON;CENTRO EDUCATIVO EL LIMON;;;EN PLANEACIÓN
SUCRE;MAJAGUAL;NO;NVO TIEMPO;CENTRO EDUCATIVO NUEVO TIEMPO;2021 Sep 25 12:00:00 AM;2031 Sep 25 12:00:00 AM;OPERACIÓN
SUCRE;SANTIAGO DE TOLÚ;NO;VEREDA LAS CRUCES;LAS CRUCES;;;EN PLANEACIÓN
SUCRE;MAJAGUAL;NO;VDA. EL PANDO;EL PANDO ARRIBA;;;EN PLANEACIÓN
SUCRE;MAJAGUAL;NO;VEREDA SANTA RITA;CENTRO EDUCATIVO SANTA RITA;;;EN PLANEACIÓN
SUCRE;SUCRE;NO;CALZON BLANCO;CENTRO EDUCATIVO CALZON BLANCO;;;EN PLANEACIÓN
SUCRE;SUCRE;NO;SAN JOSE CALASTRABA;CENTRO EDUCATIVO EL DIVINO NIÑO JESUS;;;EN PLANEACIÓN
SUCRE;SUCRE;NO;SAN CAYETANO;CENTRO EDUCATIVO SAN CAYETANO;;;EN PLANEACIÓN
SUCRE;SUCRE;NO;EL CONGRESO;CENTRO EDUCATIVO EL CONGRESO;;;EN PLANEACIÓN
SUCRE;SUCRE;NO;LAS CARACUCHAS;CENTRO EDUCATIVO LAS CARACUCHAS NO 2;;;EN PLANEACIÓN
SUCRE;SAN BENITO ABAD;NO;CHISPAS;CENTRO EDUCATIVO LAS CHISPAS;;;INSTALACIÓN
SUCRE;SAN BENITO ABAD;NO;LAS POZAS;CENTRO EDUCATIVO LAS POZAS;;;EN PLANEACIÓN
SUCRE;SAN BENITO ABAD;NO;VDA SAN MATIAS;CENTRO EDUCATIVO SAN MATIAS;;;EN PLANEACIÓN
SUCRE;MAJAGUAL;NO;COLONCITO;CENTRO EDUCATIVO EL MILAGROSO DE COLONCITO;2021 Sep 25 12:00:00 AM;2031 Sep 25 12:00:00 AM;OPERACIÓN
SUCRE;MAJAGUAL;NO;VDA. ZAPATICA;ZAPATICA;;;EN PLANEACIÓN
SUCRE;MAJAGUAL;NO;VEREDA EL BRILLANTE;CENTRO EDUCATIVO EL BRILLANTE;;;EN PLANEACIÓN
SUCRE;MAJAGUAL;NO;VEREDA SAN GREGORIO;CENTRO EDUCATIVO SAN GREGORIO;;;EN PLANEACIÓN
SUCRE;MAJAGUAL;NO;VEREDA SANTA ELENA;CENTRO EDUCATIVO SANTA ELENA;;;EN PLANEACIÓN
SUCRE;GUARANDA;NO;VDA. EL JARDÍN;EL JARDÍN;;;EN PLANEACIÓN
SUCRE;GUARANDA;NO;VDA. LA LOMA;LA LOMA;;;EN PLANEACIÓN
SUCRE;GUARANDA;NO;VDA. LAS MERCEDES;LAS MERCEDES;;;EN PLANEACIÓN
SUCRE;GUARANDA;NO;VDA. PUEBLO NUEVO;PUEBLO NUEVO;;;INSTALACIÓN
SUCRE;COROZAL;NO;VEREDA LA LOMA;LA LOMA;;;INSTALACIÓN
SUCRE;SANTIAGO DE TOLÚ;NO;VEREDA COCO SOLO;COCO SOLO;;;INSTALACIÓN
SUCRE;COVEÑAS;NO;VEREDA EL MAMEY;C.E. EL MAMEY - SEDE PRINCIPAL;;;EN PLANEACIÓN
SUCRE;CAIMITO;NO;CORREGIMIENTO LOS CAYITOS;I.E. AGRO ARTESANAL LOS CAYITOS - SEDE PRINCIPAL;2021 Sep 25 12:00:00 AM;2031 Sep 25 12:00:00 AM;OPERACIÓN
SUCRE;MAJAGUAL;NO;CORREG MIRAFLORES;I.E. MIRAFLORES - SEDE PRINCIPAL;2021 Sep 25 12:00:00 AM;2031 Sep 25 12:00:00 AM;OPERACIÓN
SUCRE;LA UNIÓN;NO;CORREGIMIENTO PAJARITO;I.E. PAJARITO - SEDE PRINCIPAL;;;INSTALACIÓN
SUCRE;MAJAGUAL;NO;VDA PUEBLO NUEVO;I.E. SAN JUAN BAUTISTA DE PUEBLO NUEVO - SEDE PRINCIPAL;;;INSTALACIÓN
SUCRE;MAJAGUAL;NO;LA SIERPITA;I.E. LA SIERPITA - SEDE PRINCIPAL;;;INSTALACIÓN
SUCRE;SINCELEJO;NO;CORREG. LA PE¥ATA;CENTRO EDUCATIVO RURAL ARROYO ARENA;2021 Sep 25 12:00:00 AM;2031 Sep 25 12:00:00 AM;OPERACIÓN
SUCRE;COROZAL;NO;CALLE NUEVA;CALLE NUEVA;;;EN PLANEACIÓN
SUCRE;LA UNIÓN;NO;VDA. VIJAGUAL;VIJAGUAL;;;INSTALACIÓN
SUCRE;SAN JUAN DE BETULIA;NO;VEREDA LOMA DEL LATIGO;CENTRO EDUCATIVO LOMA DEL LATIGO;2022 Jan 01 12:00:00 AM;2032 Jan 01 12:00:00 AM;OPERACIÓN
SUCRE;SAN MARCOS;NO;EL REPARO;CENTRO EDUCATIVO EL REPARO;;;EN PLANEACIÓN
SUCRE;SAN MARCOS;NO;CORREG EL LIMON;I.E. TÉCNICO AGROPECUARIO EL LIMON - SEDE PRINCIPAL;;;EN PLANEACIÓN
SUCRE;SAN MARCOS;NO;BUENAVISTA;I.E.T. DIVERSIFICADO DE BUENAVISTA - SEDE PRINCIPAL;2022 Jan 01 12:00:00 AM;2032 Jan 01 12:00:00 AM;OPERACIÓN
SUCRE;SAN MARCOS;NO;VDA CEJA LARGA;CENTRO EDUCATIVO CEJA LARGA;;;EN PLANEACIÓN
SUCRE;SAN MARCOS;NO;VEREDA CAÑAHUATE;CENTRO EDUCATIVO CAÑAHUATE;;;INSTALACIÓN
SUCRE;SUCRE;NO;BAJOGRANDE;CENTRO EDUCATIVO SANTA LUCIA;;;EN PLANEACIÓN
SUCRE;SUCRE;NO;SAN JOSE;CENTRO EDUCATIVO SAN JOSE;;;EN PLANEACIÓN
SUCRE;SUCRE;NO;NARIÑO;INST EDUC ANIBAL OJEDA;;;INSTALACIÓN
SUCRE;COVEÑAS;NO;EL REPARO;EL REPARO;2021 Sep 25 12:00:00 AM;2031 Sep 25 12:00:00 AM;OPERACIÓN
SUCRE;SINCELEJO;NO;CERRITO LA PALMA;LAGUNA FLOR;2022 Jan 01 12:00:00 AM;2032 Jan 01 12:00:00 AM;OPERACIÓN
SUCRE;SINCELEJO;NO;LA CHIVERA;LA CHIVERA;2022 Jan 01 12:00:00 AM;2032 Jan 01 12:00:00 AM;OPERACIÓN
SUCRE;SINCELEJO;NO;BARRIO LAS PALMAS;LAS PALMAS;2021 Sep 25 12:00:00 AM;2031 Sep 25 12:00:00 AM;OPERACIÓN
SUCRE;SINCELEJO;NO;SABANAS DEL POTRERO;SABANAS DEL POTRERO;2022 Jan 01 12:00:00 AM;2032 Jan 01 12:00:00 AM;OPERACIÓN
SUCRE;SINCELEJO;NO;SAN ANTONIO;INSTITUCION EDUCATIVA RURAL SAN ANTONIO;;;EN PLANEACIÓN
SUCRE;SINCELEJO;NO;VEREDA MIRABEL;MIRABEL;2021 Sep 25 12:00:00 AM;2031 Sep 25 12:00:00 AM;OPERACIÓN
SUCRE;SINCELEJO;NO;BUENOS AIRES;BUENOS AIRES;2022 Jan 01 12:00:00 AM;2032 Jan 01 12:00:00 AM;OPERACIÓN
SUCRE;SINCELEJO;NO;CORREG. DE BABILONIA;SANTA CATALINA DE BABILONIA;2022 Jan 01 12:00:00 AM;2032 Jan 01 12:00:00 AM;OPERACIÓN
SUCRE;SINCELEJO;NO;CRUZ DEL BEQUE;CRUZ DEL BEQUE;2022 Jan 01 12:00:00 AM;2032 Jan 01 12:00:00 AM;OPERACIÓN
SUCRE;SINCELEJO;NO;LAS MAJAGUAS;LAS MAJAGUAS;2021 Sep 25 12:00:00 AM;2031 Sep 25 12:00:00 AM;OPERACIÓN
SUCRE;SINCELEJO;NO;LAS HUERTAS;LAS HUERTAS;;;EN PLANEACIÓN
SUCRE;SINCELEJO;NO;DE BUENAVISTICA;BUENAVISTICA;2022 Jan 01 12:00:00 AM;2032 Jan 01 12:00:00 AM;OPERACIÓN
SUCRE;SINCELEJO;NO;VIA A LOS TUBOS CA¥O LIMON COVE¥AS- SECTORBARRO PRIETO;BARRO PRIETO;;;INSTALACIÓN
SUCRE;SINCELEJO;NO;VIA A LOS TUBOS CA¥O LIMON COVE¥AS- SECTOR LA GLUF;LA GULF;;;INSTALACIÓN
SUCRE;SINCELEJO;NO;POLICARPA;POLICARPA;2022 Jan 01 12:00:00 AM;2032 Jan 01 12:00:00 AM;OPERACIÓN
SUCRE;SINCELEJO;NO;VILLA ROSITA;VILLA ROSITA;;;INSTALACIÓN
SUCRE;BUENAVISTA;NO;LAS CHICHAS;LAS CHICHAS;2021 Sep 25 12:00:00 AM;2031 Sep 25 12:00:00 AM;OPERACIÓN
SUCRE;BUENAVISTA;NO;CALIFORNIA;CALIFORNIA;;;INSTALACIÓN
SUCRE;BUENAVISTA;NO;LOS ANONES;LOS ANONES;;;EN PLANEACIÓN
SUCRE;BUENAVISTA;NO;PROVIDENCIA;PROVIDENCIA;2021 Sep 25 12:00:00 AM;2031 Sep 25 12:00:00 AM;OPERACIÓN
SUCRE;BUENAVISTA;NO;VDA. COSTA RICA;I.E. COSTA RICA - SEDE PRINCIPAL;2022 Jan 01 12:00:00 AM;2032 Jan 01 12:00:00 AM;OPERACIÓN
SUCRE;CAIMITO;NO;VDA. LA ANGOSTURA;LA ANGOSTURA;;;INSTALACIÓN
SUCRE;CAIMITO;NO;CORREGIMIENTO CEDEÑO;C.E. CEDEÑO - SEDE PRINCIPAL;;;INSTALACIÓN
SUCRE;CAIMITO;NO;VEREDA CANDELARIA;CANDELARIA;2021 Sep 25 12:00:00 AM;2031 Sep 25 12:00:00 AM;OPERACIÓN
SUCRE;CAIMITO;NO;CORREGIMIENTO EL ALFEREZ;EL ALFEREZ;2022 Jan 01 12:00:00 AM;2032 Jan 01 12:00:00 AM;OPERACIÓN
SUCRE;CAIMITO;NO;MOLINERO;MOLINERO;;;INSTALACIÓN
SUCRE;CAIMITO;NO;TOFEME;C.E. TOFEME - SEDE PRINCIPAL;2022 Jan 01 12:00:00 AM;2032 Jan 01 12:00:00 AM;OPERACIÓN
SUCRE;CAIMITO;NO;LA MEJIA;CENTRO EDUCATIVO LA MEJIA;2022 Jan 01 12:00:00 AM;2032 Jan 01 12:00:00 AM;OPERACIÓN
SUCRE;CAIMITO;NO;LA SOLERA;LA SOLERA;2021 Sep 25 12:00:00 AM;2031 Sep 25 12:00:00 AM;OPERACIÓN
SUCRE;CAIMITO;NO;NVA ESTACION;CENTRO EDUCATIVO NUEVA ESTACIÓN;;;INSTALACIÓN
SUCRE;CAIMITO;NO;PUMPUMA;PUMPUMA;;;INSTALACIÓN
SUCRE;CAIMITO;NO;CORREGIMIENTO EL MAMON;I.E.EL MAMON - SEDE PRINCIPAL;;;EN PLANEACIÓN
SUCRE;CAIMITO;NO;SIETE PALMAS;I.E. SIETE PALMAS - SEDE PRINCIPAL;;;INSTALACIÓN
SUCRE;CAIMITO;NO;AGUILAR;AGUILAR;2022 Jan 01 12:00:00 AM;2032 Jan 01 12:00:00 AM;OPERACIÓN
SUCRE;CAIMITO;NO;VDA. VIJAGUAL;VIJAGUAL;;;INSTALACIÓN
SUCRE;CAIMITO;NO;VEREDA NUEVA ESTRELLA;I.E. NUEVA ESTRELLA - SEDE PRINCIPAL;;;EN PLANEACIÓN
SUCRE;CAIMITO;NO;PUEBLO BUHO;PUEBLO BUHO;;;EN PLANEACIÓN
SUCRE;CAIMITO;NO;VEREDA LAS PAVITAS;LAS PAVITAS;;;INSTALACIÓN
SUCRE;CAIMITO;NO;TANGA SOLA;TANGA SOLA;;;INSTALACIÓN
SUCRE;CAIMITO;NO;LOS OSSAS;LOS OSSAS;;;INSTALACIÓN
SUCRE;MAJAGUAL;NO;VDA SINCELEJITO;SINCELEJITO ABAJO;;;INSTALACIÓN
SUCRE;COROZAL;NO;HATO NUEVO;I.E. TÉCNICO AGROPECUARIA O DE HATO NUEVO - SEDE PRINCIPAL;;;EN PLANEACIÓN
SUCRE;COROZAL;NO;DE PILETA;CENTRO EDUCATIVO DE PILETA;2021 Sep 25 12:00:00 AM;2031 Sep 25 12:00:00 AM;OPERACIÓN
SUCRE;COROZAL;NO;DON ALONSO;I.E. DON ALONSO - SEDE PRINCIPAL;2021 Sep 25 12:00:00 AM;2031 Sep 25 12:00:00 AM;OPERACIÓN
SUCRE;COROZAL;NO;CANTAGALLO;CANTAGALLO;;;EN PLANEACIÓN
SUCRE;COROZAL;NO;MILAN;MILAN;2022 Jan 01 12:00:00 AM;2032 Jan 01 12:00:00 AM;OPERACIÓN
SUCRE;COROZAL;NO;VDA. LAS BRUJAS;LAS BRUJAS;;;INSTALACIÓN
SUCRE;COROZAL;NO;CHAPINERO;CENTRO EDUCATIVO CHAPINERO;2021 Sep 25 12:00:00 AM;2031 Sep 25 12:00:00 AM;OPERACIÓN
SUCRE;EL ROBLE;NO;CAYO DE PALMA;CENTRO EDUCATIVO CAYO DE PALMA;;;INSTALACIÓN
SUCRE;EL ROBLE;NO;RANCHO DE LA CRUZ;RANCHO DE LA CRUZ;2022 Jan 01 12:00:00 AM;2032 Jan 01 12:00:00 AM;OPERACIÓN
SUCRE;EL ROBLE;NO;CORREGIMIENTO EL SITIO;EL SITIO;;;EN PLANEACIÓN
SUCRE;EL ROBLE;NO;SAN FRANCISCO;INST EDUC SAN FRANCISCO;2022 Jan 01 12:00:00 AM;2032 Jan 01 12:00:00 AM;OPERACIÓN
SUCRE;EL ROBLE;NO;CORNETA CLL PPAL;CENTRO EDUCATIVO CORNETA;;;INSTALACIÓN
SUCRE;COROZAL;NO;LAS TINAS;LAS TINAS;2021 Sep 25 12:00:00 AM;2031 Sep 25 12:00:00 AM;OPERACIÓN
SUCRE;COROZAL;NO;LAS PEÑAS;INST EDUC LAS PEÑAS;2022 Jan 01 12:00:00 AM;2032 Jan 01 12:00:00 AM;OPERACIÓN
SUCRE;COROZAL;NO;EL RINCON DE LAS FLORES;RINCON DE LAS FLORES;;;EN PLANEACIÓN
SUCRE;COROZAL;NO;VDA PALMA SOLA;PALMA SOLA;;;EN PLANEACIÓN
SUCRE;EL ROBLE;NO;CASERIO STA ROSA;CENTRO EDUCATIVO SANTA ROSA;;;INSTALACIÓN
SUCRE;COROZAL;NO;VILLA NUEVA;CENTRO EDUCATIVO VILLA NUEVA;;;INSTALACIÓN
SUCRE;GALERAS;NO;VEREDA SURBAN;CENTRO EDUCATIVO SURBAN;2022 Jan 01 12:00:00 AM;2032 Jan 01 12:00:00 AM;OPERACIÓN
SUCRE;GALERAS;NO;CORREGIMIENTO PUEBLO NVO NO 1;INST EDUC SAGRADO CORAZON DE JESUS;;;EN PLANEACIÓN
SUCRE;GALERAS;NO;SAN JOSÉ DE RIVERA;I.E. SAN JOSE DE RIVERA - SEDE PRINCIPAL;;;EN PLANEACIÓN
SUCRE;GALERAS;NO;VEREDA MATA DE GUASIMO;MATA DE GUASIMO;2022 Jan 01 12:00:00 AM;2032 Jan 01 12:00:00 AM;OPERACIÓN
SUCRE;GALERAS;NO;VDA. LOS MANGOS;LOS MANGOS;;;INSTALACIÓN
SUCRE;GALERAS;NO;CASERIO PUEBLO NVO NO 2;PUEBLO NUEVO II;2022 Jan 01 12:00:00 AM;2032 Jan 01 12:00:00 AM;OPERACIÓN
SUCRE;GALERAS;NO;CORREG SAN ANDRÉS;INST EDUC SAN ANDRES;;;EN PLANEACIÓN
SUCRE;GALERAS;NO;CORREGIMIENTO BARAYA;I.E. BARAYA - SEDE PRINCIPAL;;;EN PLANEACIÓN
SUCRE;GALERAS;NO;VEREDA JACINTO;JACINTO;2022 Jan 01 12:00:00 AM;2032 Jan 01 12:00:00 AM;OPERACIÓN
SUCRE;GALERAS;NO;CASERIO ABRE EL OJO;ABRE EL OJO;;;EN PLANEACIÓN
SUCRE;GALERAS;NO;VDA. EL GUAMO;EL CARMEN;;;INSTALACIÓN
SUCRE;GUARANDA;NO;VDA LAS TARULLAS;LAS TARULLAS;;;EN PLANEACIÓN
SUCRE;GUARANDA;NO;CORREG TIERRA SANTA;C.E. TIERRA SANTA - SEDE PRINCIPAL;2022 Jan 01 12:00:00 AM;2032 Jan 01 12:00:00 AM;OPERACIÓN
SUCRE;GUARANDA;NO;VDA EL SOCORRO;EL SOCORRO;;;INSTALACIÓN
SUCRE;GUARANDA;NO;CORREG QUITA SUEÑO;I.E. NUEVA ESPERANZA - SEDE PRINCIPAL;2021 Sep 25 12:00:00 AM;2031 Sep 25 12:00:00 AM;OPERACIÓN
SUCRE;GUARANDA;NO;PUERTO LÓPEZ;I.E. PUERTO LOPEZ - SEDE PRINCIPAL;;;EN PLANEACIÓN
SUCRE;GUARANDA;NO;PALMARITICO;C.E. SAN JOSE DE PALMARITICO - SEDE PRINCIPAL;;;INSTALACIÓN
SUCRE;GUARANDA;NO;VDA MATA DE PITA;C.E. MATA DE PITA - SEDE PRINCIPAL;;;INSTALACIÓN
SUCRE;GUARANDA;NO;VDA EL AGUACATE;EL AGUACATE;;;EN PLANEACIÓN
SUCRE;GUARANDA;NO;VDA LA CEJA;LA CEJA;2022 Jan 01 12:00:00 AM;2032 Jan 01 12:00:00 AM;OPERACIÓN
SUCRE;GUARANDA;NO;VDA EL MALAGANO;EL MALAGANO;;;EN PLANEACIÓN
SUCRE;GUARANDA;NO;LA CONCORDIA;I.E. LA CONCORDIA - SEDE PRINCIPAL;;;EN PLANEACIÓN
SUCRE;GUARANDA;NO;VDA SAN RAFAEL;SAN RAFAEL;2022 Jan 01 12:00:00 AM;2032 Jan 01 12:00:00 AM;OPERACIÓN
SUCRE;GUARANDA;NO;DIAZGRANADOS;C.E. DIAZGRANADOS - SEDE PRINCIPAL;;;EN PLANEACIÓN
SUCRE;GUARANDA;NO;VDA LAS DEMETRIAS;SAN JOSE DE LAS DEMETRIAS;2022 Jan 01 12:00:00 AM;2032 Jan 01 12:00:00 AM;OPERACIÓN
SUCRE;GUARANDA;NO;LAS PAVAS;C.E. LAS PAVAS - SEDE PRINCIPAL;2022 Jan 01 12:00:00 AM;2032 Jan 01 12:00:00 AM;OPERACIÓN
SUCRE;GUARANDA;NO;VDA QUEBRADA SECA CARTAGENA;SAN JOSE;;;EN PLANEACIÓN
SUCRE;GUARANDA;NO;CORREG DE NVA ESPERANZA;EL PORTON CENTRAL;;;EN PLANEACIÓN
SUCRE;GUARANDA;NO;GAVALDA;I.E. GAVALDÁ - SEDE PRINCIPAL;2022 Jan 01 12:00:00 AM;2032 Jan 01 12:00:00 AM;OPERACIÓN
SUCRE;GUARANDA;NO;VDA CHUIRA CAHIMBERO;CHUIRA CACHIMBERO;;;INSTALACIÓN
SUCRE;GUARANDA;NO;VDA LAS CHIBCHAS;LAS MERCEDES;;;INSTALACIÓN
SUCRE;LA UNIÓN;NO;CORREGIMIENTO CAYO DELGADO;CENTRO EDUCATIVO CAYO DELGADO;;;EN PLANEACIÓN
SUCRE;LA UNIÓN;NO;CORREGIMIENTO SABANETA;CENTRO EDUCATIVO SABANETA;;;EN PLANEACIÓN
SUCRE;LA UNIÓN;NO;CORREGIMIENTO LAS PALMITAS;INSTITUCION EDUCATIVA LAS PALMITAS - SEDE PRINCIPAL;;;EN PLANEACIÓN
SUCRE;LA UNIÓN;NO;VEREDA BOCANEGRA;I.E. BOCA NEGRA - SEDE PRINCIPAL;;;EN PLANEACIÓN
SUCRE;LA UNIÓN;NO;VDA. BUENOS AIRES;BUENO AIRES;;;INSTALACIÓN
SUCRE;LA UNIÓN;NO;VEREDA EL PAISAJE;EL PAISAJE;;;EN PLANEACIÓN
SUCRE;LA UNIÓN;NO;VDA. LAS MARGARITAS;LAS MARGARITAS;;;INSTALACIÓN
SUCRE;LA UNIÓN;NO;VDA. LA ESPERANZA;LA ESPERANZA;;;INSTALACIÓN
SUCRE;LA UNIÓN;NO;VEREDA RABO LARGO;RABO LARGO;;;EN PLANEACIÓN
SUCRE;LA UNIÓN;NO;LOS CONGUITOS;CENTRO EDUCATIVO LOS CONGUITOS;;;INSTALACIÓN
SUCRE;LA UNIÓN;NO;VEREDA VILLA FATIMA;C.E. VILLA FATIMA - SEDE PRINCIPAL;;;EN PLANEACIÓN
SUCRE;LA UNIÓN;NO;VEREDA GARITAS;LAS GARITAS;2022 Jan 01 12:00:00 AM;2032 Jan 01 12:00:00 AM;OPERACIÓN
SUCRE;LA UNIÓN;NO;VDA. BARRO BLANCO;BARRO BLANCO;;;INSTALACIÓN
SUCRE;SAN LUIS DE SINCÉ;NO;MORALITO;I.E. MORALITO - SEDE PRINCIPAL;;;EN PLANEACIÓN
SUCRE;MAJAGUAL;NO;PALMARITO;INSTITUCION EDUCATIVA PALMARITO;;;INSTALACIÓN
SUCRE;MAJAGUAL;NO;VDA LAS PALMAS;SEDE LAS PALMAS;;;INSTALACIÓN
SUCRE;MAJAGUAL;NO;CORREG LOS PATOS;INSTITUCION EDUCATIVA LOS PATOS;;;EN PLANEACIÓN
SUCRE;MAJAGUAL;NO;VDA EL PALMAR;CENTRO EDUCATIVO EL PALMAR;2022 Jan 01 12:00:00 AM;2032 Jan 01 12:00:00 AM;OPERACIÓN
SUCRE;MAJAGUAL;NO;VEREDA SAN MIGUEL;CENTRO EDUCATIVO SAN MIGUEL;2022 Jan 01 12:00:00 AM;2032 Jan 01 12:00:00 AM;OPERACIÓN
SUCRE;MAJAGUAL;NO;VDA. SITIO NUEVO;C.E. SITIO NUEVO - SEDE PRINCIPAL;;;INSTALACIÓN
SUCRE;MAJAGUAL;NO;VEREDA GRAMALOTICO;GRAMALOTICO;;;EN PLANEACIÓN
SUCRE;MAJAGUAL;NO;SAN ROQUE;I.E. SAN ROQUE - SEDE PRINCIPAL;2022 Jan 01 12:00:00 AM;2032 Jan 01 12:00:00 AM;OPERACIÓN
SUCRE;MAJAGUAL;NO;PIZA;I.E. SAN JUAN BAUTISTA DE PIZA - SEDE PRINCIPAL;2022 Jan 01 12:00:00 AM;2032 Jan 01 12:00:00 AM;OPERACIÓN
SUCRE;MAJAGUAL;NO;CORREG EL COCO;C.E. EL MILAGROSO DEL COCO - SEDE PRINCIPAL;;;INSTALACIÓN
SUCRE;MAJAGUAL;NO;VEREDA HUIRA;CENTRO EDUCATIVO SANTISIMA CRUZ DE HUIRA ARRIBA;2022 Jan 01 12:00:00 AM;2032 Jan 01 12:00:00 AM;OPERACIÓN
SUCRE;MAJAGUAL;NO;SANTANDER;INST EDUC SANTANDER;2022 Jan 01 12:00:00 AM;2032 Jan 01 12:00:00 AM;OPERACIÓN
